{
    "path_count": 97,
    "parsed_path_count": 97,
    "static_analysis_path_count": 2,
    "static_analysis_parsed_path_count": 2,
    "is_partial_parse_enabled": true,
    "is_static_analysis_enabled": true,
    "read_files_elapsed": 0.009070033998796134,
    "load_macros_elapsed": 0.37571546799881617,
    "parse_project_elapsed": 0.052328961000966956,
    "patch_sources_elapsed": 0.0009376849993714131,
    "process_manifest_elapsed": 0.010592357999485102,
    "load_all_elapsed": 0.5081330019984307,
    "projects": [
        {
            "project_name": "vendas_dw",
            "elapsed": 0.047670429999925545,
            "parsers": [
                {
                    "parser": "model",
                    "elapsed": 0.030504153000947554,
                    "parsed_path_count": 2
                },
                {
                    "parser": "test",
                    "elapsed": 0.014662898000096902,
                    "parsed_path_count": 1
                }
            ],
            "parsed_path_count": 3
        },
        {
            "project_name": "dbt_postgres",
            "elapsed": 0.002225830998213496,
            "parsers": [],
            "parsed_path_count": 0
        },
        {
            "project_name": "dbt",
            "elapsed": 0.002337855999940075,
            "parsers": [
                {
                    "parser": "doc",
                    "elapsed": 0.00017774499974620994,
                    "parsed_path_count": 1
                }
            ],
            "parsed_path_count": 1
        }
    ]
}